Hathaway | Madelaine | mhathawaya@hibu.com | Teal | 1906-11-30
Arrow | Marleen | marrowb@fema.gov | Mauv | 1996-08-15
De Biasi | Elberta | edebiasic@alibaba.com | Khaki | 1967-03-16
Povey | Talia | tpoveyd@storify.com | Teal | 1937-10-05
Goodacre | Latrina | lgoodacree@oakley.com | Mauv | 1998-01-24
Phillip | Berenice | bphillipf@theatlantic.com | Pink | 1945-06-21
Kemball | Cher | ckemballg@java.com | Orange | 1908-11-28
Wadge | Cassandry | cwadgeh@nih.gov | Khaki | 1908-01-18
Prentice | Isiahi | iprenticei@about.com | Green | 1958-01-02
Sustins | Lynde | lsustinsj@ustream.tv | Mauv | 1919-08-05